timestamp,price,volume,price_change,price_ma_7,price_ma_30,price_std_7,volume_ma_7,target,price_lag_1,price_lag_3,price_lag_7
1733875200000,96649.71446771531,125835977742.51114,-0.007233733835508183,98725.38349961364,94904.29011649969,1708.3430057141375,114417918826.98546,1,97353.94700820887,99781.82999198174,96031.63097759831
1733961600000,101123.61811033697,118484957960.76833,0.04628987956416686,99045.69045020717,95320.49672006996,1937.3351790142965,117311372207.37437,0,96649.71446771531,101235.3717025316,98881.4694561823
1734048000000,100000.80836535197,100092043319.81221,-0.011103338329527479,99445.5915932464,95711.70367405406,1775.3578166903353,104401622177.12782,1,101123.61811033697,97353.94700820887,97201.50036407741
1734134400000,101352.22971292294,78802903278.85962,0.013514104232373425,99642.50276557848,96073.8413286522,1914.6872929421843,99114518071.18668,1,100000.80836535197,96649.71446771531,99973.85150659826
1734220800000,101367.01064553364,57321924844.41535,0.00014583727119332757,99868.95714465734,96539.15792559995,2024.504417954671,98580345020.41965,1,101352.22971292294,101123.61811033697,99781.82999198174
1734307200000,104721.50151808978,70645074624.52869,0.03309253031330206,100366.97568973708,96998.27547305504,2724.4464172673274,99718532140.34459,1,101367.01064553364,100000.80836535197,101235.3717025316
1734393600000,106074.10723541168,115184737759.33566,0.012916217755799098,101612.71286505174,97513.86388444186,3086.6818904653437,95195374218.60442,0,104721.50151808978,101352.22971292294,97353.94700820887
1734480000000,106034.913402645,93417826250.1972,-0.00036949481629566794,102953.45557004171,98053.645266485,2566.027995865716,90564209719.70242,0,106074.10723541168,101367.01064553364,96649.71446771531
1734566400000,100355.5761481501,113692025885.44745,-0.05356101186152562,102843.7352897293,98381.01031820656,2671.560113359673,89879505137.51375,0,106034.913402645,104721.50151808978,101123.61811033697
1734652800000,97851.35377075805,100611554887.24123,-0.024953495097224887,102536.67034764447,98567.66703031906,3135.9479751950375,89953721075.71788,0,100355.5761481501,106074.10723541168,100000.80836535197
1734739200000,97691.43431692653,112340864006.62827,-0.0016343100802281851,102013.69957678784,98683.48076433854,3632.3532731268956,94744858322.54198,0,97851.35377075805,106034.913402645,101352.22971292294
1734825600000,97202.82496847633,53058382639.48845,-0.005001557729872985,101418.81590863678,98639.93764358695,4070.4840759921417,94135780864.69527,0,97691.43431692653,100355.5761481501,101367.01064553364
1734912000000,95094.27394862173,44619017105.36954,-0.02169228127411338,100043.49768442706,98512.16361035655,4383.00963801573,90417772647.67253,0,97202.82496847633,97851.35377075805,104721.50151808978
1734998400000,94644.91085464321,64937790292.61125,-0.004725448497785556,98410.75534431728,98411.01184496364,3859.6242537240805,83239637295.28334,1,95094.27394862173,97691.43431692653,106074.10723541168
1735084800000,98695.71400782601,49169088282.15742,0.042800010234085084,97362.29828791457,98433.67112759297,1984.8919461485125,76918389014.1348,1,94644.91085464321,97202.82496847633,106034.913402645
1735171200000,99344.95417367229,33963749856.44743,0.0065782002022376496,97217.92372013202,98645.01290234762,1754.2367822554697,65528635295.70622,0,98695.71400782601,95094.27394862173,100355.5761481501
1735257600000,95678.31244565405,45049342388.18843,-0.03690818279112906,96907.48924511716,98769.89562477215,1814.6929232346451,57591176367.2701,0,99344.95417367229,94644.91085464321,97851.35377075805
1735344000000,94331.94727053077,41498540807.666954,-0.01407179057310426,96427.56252420347,98714.92118138632,2006.8715877762256,47470844481.70421,1,95678.31244565405,98695.71400782601,97691.43431692653
1735430400000,95184.61945288602,22429850903.940086,0.009039060541280897,96139.24745054773,98699.02196454325,2021.8472563515224,43095339948.05444,0,94331.94727053077,99344.95417367229,97202.82496847633
1735516800000,93663.44751964067,24065314499.502274,-0.015981278719071734,95934.84367497901,98572.69530369445,2208.783500858247,40159096718.64483,0,95184.61945288602,95678.31244565405,95094.27394862173
1735603200000,92627.28213113277,57595164139.4709,-0.01106264413650393,95646.6110001918,98443.16662983279,2515.5131180876956,39110150125.339066,1,93663.44751964067,94331.94727053077,94644.91085464321
1735689600000,93507.85874741491,45327464907.74362,0.009506665811866322,94905.48882013306,98316.37168171853,2213.5655600108385,38561346786.13709,1,92627.28213113277,95184.61945288602,98695.71400782601
1735776000000,94384.1761153871,23275007789.496334,0.009371590577636146,94196.80624037805,98268.0730112302,1036.5433139135368,37034383633.71551,1,93507.85874741491,93663.44751964067,99344.95417367229
1735862400000,96852.14681235075,45157338602.617516,0.026148140488575944,94364.49686419185,98295.4235390553,1360.494037068933,37049811664.34823,1,94384.1761153871,92627.28213113277,95678.31244565405
1735948800000,98084.34279280754,35721645948.10051,0.012722443652634308,94900.55336737426,98268.85265027614,1954.923800039407,36224540970.12446,1,96852.14681235075,93507.85874741491,94331.94727053077
1736035200000,98256.73876849933,20979035420.980793,0.0017576299211787827,95339.42755531901,98304.02726375687,2336.855986849322,36017281615.41599,1,98084.34279280754,94384.1761153871,95184.61945288602
1736121600000,98364.58946599838,20060293834.7155,0.0010976417378674164,96011.01926194155,98250.38519573686,2447.816134933513,35445135806.160736,1,98256.73876849933,96852.14681235075,93663.44751964067
1736208000000,102229.39453189743,46111387334.46171,0.03929061349089458,97382.74960490792,98331.97068040073,2886.688647150571,33804596262.587994,0,98364.58946599838,98084.34279280754,92627.28213113277
1736294400000,96952.09886774956,60610257147.15405,-0.05162209644605942,97874.78390781287,98189.19491924132,2361.9845006129262,35987852296.78948,0,102229.39453189743,98256.73876849933,93507.85874741491
1736380800000,95016.71440989176,65790469838.34392,-0.019962274983833184,97965.14652131354,98111.28716596408,2213.6276925666243,42061489732.339134,0,96952.09886774956,98364.58946599838,94384.1761153871
1736467200000,92376.27578346101,65850881574.76184,-0.02778920154026998,97325.7363743293,97968.83920982228,3069.6274417697364,45017710156.93119,1,95016.71440989176,102229.39453189743,96852.14681235075
1736553600000,94736.6267420969,63433655716.757095,0.02555148428118903,96847.49122422778,97755.9394975476,3190.1580893948276,48976568695.31069,0,92376.27578346101,96952.09886774956,98084.34279280754
1736640000000,94559.55167224213,17836423168.41627,-0.0018691299864076472,96319.32163904817,97574.56427444394,3223.8330909423826,48527624087.801476,0,94736.6267420969,95016.71440989176,98256.73876849933
1736726400000,94454.77089638807,19608932595.53299,-0.0011080929848023002,95760.77612910383,97344.64898055946,3148.2327362816973,48463143910.775406,1,94559.55167224213,92376.27578346101,98364.58946599838
1736812800000,94456.3493746993,76328330233.31137,1.6711472552000117e-05,94650.34110664696,97114.29360486497,1335.119202776104,52779850039.182495,1,94454.77089638807,94736.6267420969,102229.39453189743
1736899200000,96574.07768799194,51241728228.81719,0.022420179557139264,94596.33808096731,96842.71281052838,1230.0080670372242,51441488765.13438,1,94456.3493746993,94559.55167224213,96952.09886774956
1736985600000,100313.15239828422,57637319739.543396,0.03871716717163309,95352.97207930908,96650.68098262412,2502.508864402984,50276753036.7343,0,96574.07768799194,94454.77089638807,95016.71440989176
1737072000000,100044.57926776377,50150102497.2729,-0.0026773471284613493,96448.44400563804,96451.00317812808,2655.9790938532465,48033784597.09303,1,100313.15239828422,94456.3493746993,92376.27578346101
1737158400000,104160.69358484233,69135117732.00064,0.041142802010911694,97794.7392688874,96577.84042601782,3790.0362434317894,48848279170.69924,1,100044.57926776377,96574.07768799194,94736.6267420969
1737244800000,104334.61575724394,49416447749.13053,0.001669748601087706,99191.17699531621,96793.9491589007,4180.102187548276,53359711253.65843,0,104160.69358484233,100313.15239828422,94559.55167224213
1737331200000,101275.33714814208,72970313683.92325,-0.029321798780760466,100165.54360270966,96913.41258660788,3653.855830934299,60982765694.85704,1,104334.61575724394,100044.57926776377,94454.77089638807
1737417600000,101764.90860170545,120158523166.88387,0.004834063922663168,101209.62349228197,97065.48204104885,2659.4587342702184,67244221828.22453,1,101275.33714814208,104160.69358484233,94456.3493746993
1737504000000,106182.2368201815,95344290057.8965,0.04340718504219265,102582.21765402333,97435.08080343416,2326.901367015998,73544587803.80728,0,101764.90860170545,104334.61575724394,96574.07768799194
1737590400000,103673.53509537787,55030669602.56557,-0.023626378572642937,103062.2723250367,97736.03494479199,2118.0167234072096,73172209212.81046,1,106182.2368201815,101275.33714814208,100313.15239828422
1737676800000,104067.60991206947,102455227371.20761,0.0038011129487294237,103636.99098850894,97915.09814160012,1658.7189095192446,80644369909.08684,1,103673.53509537787,101764.90860170545,100044.57926776377
1737763200000,104835.19253555956,51418786362.7815,0.007375807171305704,103733.34798146856,98098.10608699635,1712.9176070904546,78113465427.76982,0,104067.60991206947,106182.2368201815,104160.69358484233
1737849600000,104796.04077738234,22740744964.719296,-0.00037346006842065016,103799.2658414883,98402.03036472063,1748.4229685870744,74302650744.2825,0,104835.19253555956,103673.53509537787,104334.61575724394
1737936000000,102552.24874280207,20639818380.26942,-0.02141103822182311,103981.6817835826,98676.04041379635,1488.5005781157454,66826865700.90339,0,104796.04077738234,104067.60991206947,101275.33714814208
1738022400000,101958.46953745594,93191643783.24739,-0.005790016431870826,104009.33334583267,98901.83541661533,1441.5128636857255,62974454360.383896,0,102552.24874280207,104835.19253555956,101764.90860170545
1738108800000,101313.11264498268,45780526813.56264,-0.006329605528613502,103313.74417794714,99156.82425412674,1392.177104545569,55893916754.05048,1,101958.46953745594,104796.04077738234,106182.2368201815
1738195200000,103718.97939813645,47425401641.53094,0.023746844710855086,103320.23622119836,99526.5474963602,1394.2389558203731,54807449902.47411,1,101313.11264498268,102552.24874280207,103673.53509537787
1738281600000,104781.5135100103,42122570869.034325,0.010244355642907044,103422.22244947562,99902.33598844669,1481.405252974703,46188498973.59221,0,103718.97939813645,101958.46953745594,104067.60991206947
1738368000000,102382.39409722165,37187819228.35328,-0.02289639968370427,103071.82267257021,100168.94325450786,1377.96151697848,44155503668.67389,0,104781.5135100103,101313.11264498268,104835.19253555956
1738454400000,100674.78762544956,22827776122.48367,-0.016678712065968604,102483.0722222941,100296.36461494448,1398.7570046832188,44167936691.21166,0,102382.39409722165,103718.97939813645,104796.04077738234
1738540800000,97568.31653024875,59784234332.21204,-0.0308564951411483,101771.08190621505,100279.16373952586,2321.6608135510974,49759996112.91775,1,100674.78762544956,104781.5135100103,102552.24874280207
1738627200000,101466.8606657039,122163969235.23686,0.0399570708411936,101700.85206739334,100386.16780276601,2322.483025631622,53898899748.91625,0,97568.31653024875,102382.39409722165,101958.46953745594
1738713600000,98118.43921664466,73196693057.98114,-0.033000148295620035,101244.47014905931,100377.96279445423,2695.3327936739224,57815494926.690315,0,101466.8606657039,100674.78762544956,101313.11264498268
1738800000000,96582.88682919052,48848958931.79228,-0.01564998790964922,100225.02835349563,100189.74587103065,2941.6901381813504,58018860253.87052,1,98118.43921664466,97568.31653024875,103718.97939813645
1738886400000,96635.41875332211,44462180396.172516,0.0005439050939168855,99061.30053111158,100179.18986721641,2400.17875037205,58353090186.318825,0,96582.88682919052,101466.8606657039,104781.5135100103
1738972800000,96558.4563096667,57077722340.22422,-0.0007964206566111187,98229.30941860375,100230.58126387557,2039.3728793162368,61194504916.586105,0,96635.41875332211,98118.43921664466,102382.39409722165
1739059200000,96558.23762501091,20760850644.84597,-2.2647903057393393e-06,97641.2308471125,100369.97999192723,1795.6202679852822,60899229848.35215,0,96558.4563096667,96582.88682919052,100674.78762544956
1739145600000,96548.57865379585,25457107581.051964,-0.00010003259641677698,97495.55400761924,100430.37838898387,1843.254956492273,55995354598.18641,1,96558.23762501091,96635.41875332211,97568.31653024875
1739232000000,97399.98161383197,37054987393.57789,0.008818389373592916,96914.57128592324,100525.05938703686,613.8137688992334,43836928620.80657,0,96548.57865379585,96558.4563096667,101466.8606657039
1739318400000,95739.97737079239,36454577154.5622,-0.017043167930165692,96574.79102223007,100567.89960285035,480.0733511691807,38588054920.318146,1,97399.98161383197,96558.23762501091,98118.43921664466
1739404800000,97836.18856127483,47115618235.19051,0.021894836911899418,96753.83412681354,100680.56090906952,676.9398928686935,38340434820.803604,0,95739.97737079239,96548.57865379585,96582.88682919052
1739491200000,96561.6639990985,29084371910.690556,-0.013027128109943664,96743.29773335301,100680.14711943975,679.6587084141678,36143605037.16332,1,97836.18856127483,97399.98161383197,96635.41875332211
1739577600000,97488.48148536457,32289906944.92862,0.009598192987589016,96876.15847273843,100585.99142234243,726.7719036259607,32602488552.121098,1,96561.6639990985,95739.97737079239,96558.4563096667
1739664000000,97569.95169430465,14215311318.346336,0.0008356906138937692,97020.68905406611,100503.50383656046,753.130814854411,31667411505.478294,0,97488.48148536457,97836.18856127483,96558.23762501091
1739750400000,96149.3484548204,13634794998.739267,-0.014559843628242475,96963.65616849819,100236.45899889307,807.9617467529764,29978509708.005047,0,97569.95169430465,96561.6639990985,96548.57865379585
1739836800000,95776.15723852723,25324374113.08163,-0.0038813702046928134,96731.68125774036,99951.17704826916,890.6832962381101,28302707810.791298,0,96149.3484548204,97488.48148536457,97399.98161383197
1739923200000,95495.89153299287,38311133144.729355,-0.0029262575740679475,96696.81185234044,99758.52886109753,939.4225993980451,28567930095.10089,1,95776.15723852723,97569.95169430465,95739.97737079239
1740009600000,96554.87156259285,27703222487.389572,0.011089273188617854,96513.76656681443,99584.86095979376,793.9896773759232,25794730702.5579,1,95495.89153299287,96149.3484548204,97836.18856127483
1740096000000,98384.31738240314,24175261969.81266,0.018947214057701167,96774.14562157226,99324.93031186782,1064.9415532680043,25093429282.432487,0,96554.87156259285,95776.15723852723,96561.6639990985
1740182400000,96135.15541305285,42477472950.92155,-0.02286098058299446,96580.81332552772,99073.65098912366,1036.0979839995887,26548795854.71719,1,98384.31738240314,95495.89153299287,97488.48148536457
1740268800000,96564.15414290235,18464415570.762142,0.004462454218815859,96437.12796104167,98823.53579681809,941.4845212654636,27155810747.919445,0,96135.15541305285,96554.87156259285,97569.95169430465
1740355200000,96327.46309127835,16643044374.983364,-0.002451127478150239,96462.5729091071,98539.94481534205,934.793724526043,27585560658.811462,0,96564.15414290235,98384.31738240314,96149.3484548204
1740441600000,91396.76686930266,45539703844.38777,-0.051186816965203774,95836.94571350359,98093.30235173939,2148.4255665265778,30473464906.14091,0,96327.46309127835,96135.15541305285,95776.15723852723
1740528000000,88755.7693356979,96742453402.56294,-0.02889596234165903,94874.07111389001,97633.4197048359,3445.558565431568,38820796371.54571,0,91396.76686930266,96564.15414290235,95495.89153299287
1740614400000,83900.11496524839,69277430795.68657,-0.05470804215649505,93066.2487428408,97031.47455242899,5259.219116529269,44759968987.01671,1,88755.7693356979,96327.46309127835,96554.87156259285
1740700800000,84709.14477847965,81960688217.70384,0.00964277359532062,91112.65265656602,96478.0089568789,5489.381920761351,53015029879.572586,0,83900.11496524839,91396.76686930266,98384.31738240314
1740787200000,84441.9012237131,80695237175.07367,-0.0031548371249103813,89442.18777237463,95835.43968439811,5485.43683259996,58474710483.022896,1,84709.14477847965,88755.7693356979,96135.15541305285
1740873600000,86005.25629681018,30634474722.6359,0.01851397292625223,87933.77379436146,95209.56444395812,4577.171749526949,60213290361.86201,1,84441.9012237131,83900.11496524839,96564.15414290235
1740960000000,94261.53286538439,61859112550.80991,0.09599734858159392,87638.64090494804,94938.86906956353,3972.40058064908,66672728672.69436,0,86005.25629681018,84709.14477847965,96327.46309127835
1741046400000,86124.71418722175,68715362745.4567,-0.08632173094175011,86885.49052179362,94453.86662162261,3625.778378132914,69983537087.13278,1,94261.53286538439,84441.9012237131,91396.76686930266
1741132800000,87310.80531078295,65863356680.42408,0.013771785889272525,86679.06708966292,94111.94958097376,3541.7107090284885,65572237555.39867,1,86124.71418722175,86005.25629681018,88755.7693356979
1741219200000,90604.08098523637,51606642859.81411,0.03771899323034544,87636.77652108976,93749.85692495816,3571.297527137511,63047839278.84545,0,87310.80531078295,94261.53286538439,83900.11496524839
1741305600000,90001.40087607042,47555759124.64708,-0.006651798711629353,88392.81310645989,93479.28898027237,3404.513613203634,58132849408.408775,0,90604.08098523637,86124.71418722175,84709.14477847965
1741392000000,86773.33597555371,63216440874.73251,-0.03586682950592812,88725.87521386567,93152.3039518178,3049.0645165226274,55635878508.36004,0,90001.40087607042,87310.80531078295,84441.9012237131
1741478400000,86142.9833586432,18809360803.37126,-0.0072643584555524,88745.55050841326,92802.5561053285,3028.960761794101,53946576519.89366,0,86773.33597555371,90604.08098523637,86005.25629681018
1741564800000,80751.13893300897,32013406240.51754,-0.06259180046256474,86815.49423235965,92275.64552610657,3226.358996669306,49682904189.85189,0,86142.9833586432,90001.40087607042,94261.53286538439
1741651200000,78783.94057934263,49983692766.22745,-0.024361245917513652,85766.81228837688,91683.16895791765,4449.473649122566,47006951335.676285,1,80751.13893300897,86773.33597555371,86124.71418722175
1741737600000,82799.1080292053,56404462275.083046,0.050964288157419935,85122.28410529437,91224.8532704313,4514.833562649714,45655680706.34185,1,78783.94057934263,86142.9833586432,87310.80531078295
1741824000000,83884.24578828987,41782186208.59073,0.013105669673419973,84162.30764858772,90774.32874291322,3815.19092685155,44252186899.02422,0,82799.1080292053,80751.13893300897,90604.08098523637
1741910400000,81098.90052436228,32583592654.882656,-0.033204629042709044,82890.521884058,90286.29284803222,2924.080229276677,42113305974.77216,1,83884.24578828987,78783.94057934263,90001.40087607042
1741996800000,83971.70916064628,28571483950.074646,0.03542352137586624,82490.28948192837,89824.14353467793,2458.7561201895737,37164026414.10676,1,81098.90052436228,82799.1080292053,86773.33597555371
1742083200000,84391.69087647168,10761796127.312485,0.00500146680380098,82240.10484161813,89418.47776392369,2085.980911460653,36014374317.52693,0,83971.70916064628,83884.24578828987,86142.9833586432
1742169600000,82610.61750343916,21638031633.118767,-0.02110484284098013,82505.74463739389,88922.54896452618,1980.4968579348995,34532177945.04139,1,84391.69087647168,81098.90052436228,80751.13893300897
1742256000000,84075.36559694471,19659366246.596867,0.017730748634636084,83261.66249705132,88472.72942794752,1165.2044643202057,30200131299.379883,0,82610.61750343916,83971.70916064628,78783.94057934263
1742342400000,82780.03048688271,24557570268.85276,-0.015406832915503599,83258.93713386239,88027.08549568293,1166.4882787161916,25650575298.489838,1,84075.36559694471,84391.69087647168,82799.1080292053
1742428800000,86815.44109470697,33871216993.304657,0.0487486001646702,83677.6793204934,87728.39495755559,1788.5964611226595,24520436839.163258,0,82780.03048688271,82610.61750343916,83884.24578828987
1742515200000,84270.84358966233,27579127651.06656,-0.0293104253455182,84130.8140441077,87354.2266927779,1381.960565710362,23805513267.189526,0,86815.44109470697,84075.36559694471,81098.90052436228
1742601600000,84009.532917822,18091004975.919056,-0.0031008431945065418,84136.21743798994,86936.04873795221,1381.3085825926532,22308301985.1673,0,84270.84358966233,82780.03048688271,83971.70916064628
1742688000000,83793.30854192551,7771134681.982918,-0.0025738076190472414,84050.73424734049,86449.68177660296,1381.3790575671082,21881064635.834507,1,84009.532917822,86815.44109470697,84391.69087647168
1742774400000,85787.70914901773,12617587530.619724,0.023801430469765128,84504.60448242314,86104.76690113511,1350.95070506191,20592429764.048927,1,83793.30854192551,84270.84358966233,82610.61750343916
1742860800000,87327.72969669085,27270889835.1835,0.017951528988820797,84969.22792524402,85796.8860862614,1694.3569180439174,21679790276.704163,1,85787.70914901773,84009.532917822,84075.36559694471
1742947200000,87520.58391530563,30351832942.705593,0.0022083961106582617,85646.44984359015,85503.32344706231,1619.2332275605038,22507542087.25457,0,87327.72969669085,83793.30854192551,82780.03048688271
1743033600000,86960.8555491039,25522877558.700558,-0.0063953911315695056,85667.22333707543,85355.45973638902,1637.5590838549092,21314922168.025414,1,87520.58391530563,85787.70914901773,86815.44109470697
1743120000000,87227.27158032371,24620445368.489468,0.0030636316712566725,86089.57019288419,85304.5098112099,1598.1674179452068,20892253270.5144,0,86960.8555491039,87327.72969669085,84270.84358966233
1743206400000,84359.46915506005,31674486232.097313,-0.03287736017998477,86139.5610839182,85319.82161753695,1526.1080939117248,22832750592.82558,0,87227.27158032371,87520.58391530563,84009.532917822
1743292800000,82679.17255385047,16837439419.924389,-0.01991829273037571,85980.39879990749,85252.15587671596,1837.8472390940603,24127936983.960075,0,84359.46915506005,86960.8555491039,83793.30854192551
1743379200000,82356.38111183756,13428975108.070734,-0.0039041445631627925,85490.2090803103,85182.63853965345,2297.84203181183,24243849495.024506,1,82679.17255385047,87227.27158032371,85787.70914901773
1743465600000,82514.09365397849,30326148749.91535,0.001915000878034645,84802.54678849426,85066.26645155904,2375.2576365906784,24680315054.27191,1,82356.38111183756,84359.46915506005,87327.72969669085
1743552000000,85237.5876052852,29172899851.734768,0.03300640933811416,84476.40445849134,84765.46827622243,2077.9816326869213,24511896041.27608,0,82514.09365397849,82679.17255385047,87520.58391530563
1743638400000,82526.4221526433,46332905657.77597,-0.03180715842401194,83842.91397328269,84645.52520840312,1858.7096062515502,27484757198.286854,1,85237.5876052852,82356.38111183756,86960.8555491039
1743724800000,83163.98757387721,36594464539.14662,0.0077255914482110555,83262.44482950462,84507.29795050627,1108.8479049261834,29195331365.523586,1,82526.4221526433,82514.09365397849,87227.27158032371
1743811200000,83852.00765399594,35647289400.47406,0.008273053038823308,83189.9503293526,84282.22883946492,1039.5989485414505,29762874675.291695,0,83163.98757387721,85237.5876052852,84359.46915506005
1743897600000,83595.88550177493,14910400035.531416,-0.00305445462054843,83320.90932191323,84068.71166032174,1022.1247043117294,29487583334.664127,0,83852.00765399594,82526.4221526433,82679.17255385047
1743984000000,78211.48358199988,36140377231.68329,-0.06440989155693222,82728.78110336499,83783.31658053662,2198.106738393891,32732069352.323063,1,83595.88550177493,83163.98757387721,82356.38111183756
1744070400000,79179.29226757778,82909748172.59216,0.012374253002926494,82252.38090530774,83551.19354416776,2580.5076908019164,40244012126.99117,0,78211.48358199988,83852.00765399594,82514.09365397849
1744156800000,76329.090356324,47812787635.22632,-0.03599680964085705,80979.73844117043,83403.79192494492,3021.884060459052,42906853238.91854,1,79179.29226757778,83595.88550177493,85237.5876052852
1744243200000,82622.17029546302,87408220482.11568,0.08244667805893258,80993.41674728754,83531.73291548228,3030.256916208888,48774755356.68136,0,76329.090356324,78211.48358199988,82526.4221526433
1744329600000,79596.35732250768,41213520154.25157,-0.03662228869242723,80483.75528280619,83424.97455859235,2901.6333197549848,49434620444.553505,1,82622.17029546302,79179.29226757778,83163.98757387721
1744416000000,83439.28818043756,39813566443.76779,0.04828023526703795,80424.79535801212,83410.14263833061,2824.965259305795,50029802879.309746,1,79596.35732250768,76329.090356324,83852.00765399594
1744502400000,85305.09728392666,22428929482.069122,0.02236127781260877,80668.96846974807,83550.34919698276,3194.4421246507627,51103878514.52942,0,83439.28818043756,82622.17029546302,83595.88550177493
1744588800000,83600.82010054543,28731125717.934357,-0.01997860898873105,81438.87368668316,83537.98622831274,3152.618135151345,50045414012.565285,1,85305.09728392666,79596.35732250768,78211.48358199988
1744675200000,84523.4524914945,33155578229.343513,0.011036164356275968,82202.32514724271,83542.37828214682,3161.3003105690127,42937675449.24404,0,83600.82010054543,83439.28818043756,79179.29226757778
1744761600000,83656.49248858042,25084671427.622566,-0.010257034909942009,83249.09688042218,83577.24078165155,1821.744413069175,39690801705.30065,1,84523.4524914945,85305.09728392666,76329.090356324
1744848000000,84105.77942167096,26948109141.803364,0.005370616430659725,83461.04104130903,83578.25457580907,1822.952823557892,31053642942.398895,1,83656.49248858042,83600.82010054543,82622.17029546302
1744934400000,84930.90857600998,19323821375.14309,0.009810611827305804,84223.11979180937,83649.95051211331,718.600973066954,27926543116.81197,0,84105.77942167096,84523.4524914945,79596.35732250768
1745020800000,84433.75017215389,9550691272.782005,-0.005853680505621295,84365.18579062598,83570.5608146949,630.7426940991371,23603275235.242573,1,84930.90857600998,83656.49248858042,83439.28818043756
1745107200000,85126.66244301842,12635983530.804455,0.008206579353063681,84339.69509906766,83599.08810980675,588.6259036042986,22204282956.490475,0,84433.75017215389,84105.77942167096,85305.09728392666
1745193600000,85073.16544858096,12625843856.313684,-0.000628439937643166,84550.03014878703,83634.54252749872,541.7932238647642,19903528404.83038,1,85126.66244301842,84930.90857600998,83600.82010054543
1745280000000,87452.04699068287,40070025414.28289,0.02796277215686449,84968.4007915282,83756.50047579063,1221.8153706937342,20891306574.10743,1,85073.16544858096,84433.75017215389,84523.4524914945
1745366400000,93576.16588573981,53841992235.36636,0.07002830815051597,86385.4969911224,84016.11570034805,3348.4419722669695,24999495260.927975,1,87452.04699068287,85126.66244301842,83656.49248858042
1745452800000,93605.45230873208,39901515879.65954,0.00031296882828080186,87742.59311784543,84225.37312074941,4109.157560893368,26849981937.76457,1,93576.16588573981,85073.16544858096,84105.77942167096
1745539200000,93872.81422867288,30031246761.093452,0.002856264387879559,89020.00821108298,84437.11413119498,4463.977501871752,28379614135.75748,1,93605.45230873208,87452.04699068287,84930.90857600998
1745625600000,94773.11200643536,39336184715.04292,0.009590612417023747,90497.05990169464,84697.52267977271,4403.6961639549245,32634684627.50904,0,93872.81422867288,93576.16588573981,84433.75017215389
1745712000000,94644.06637120107,15445392739.787264,-0.0013616270744124526,91856.68903429214,84944.74917280194,3910.916209217157,33036028800.220875,0,94773.11200643536,93605.45230873208,85126.66244301842
1745798400000,93809.33781968223,15926259371.057959,-0.008819660687918618,93104.71365873519,85259.744794956,2538.545527520856,33507516730.898624,1,94644.06637120107,93872.81422867288,85073.16544858096
1745884800000,95030.60645474444,31913814736.53902,0.01301862547425392,94187.36501074399,85671.45925831914,607.8329435162797,32342343776.93521,0,93809.33781968223,94773.11200643536,87452.04699068287
1745971200000,94256.35946318062,25882629766.278946,-0.008147343476467617,94284.53552180696,86068.12520336392,544.9566389266639,28348149138.494152,0,95030.60645474444,94644.06637120107,93576.16588573981
1746057600000,94235.75331048167,26541700309.366146,-0.00021861816875068385,94374.57852205691,86458.84719191403,459.4086652906995,26439604057.02367,1,94256.35946318062,93809.33781968223,93605.45230873208
1746144000000,96426.94522273027,30207566405.468834,0.023252235327595905,94739.4543783508,86831.82577916219,846.0534719940662,26464792577.648724,1,94235.75331048167,95030.60645474444,93872.81422867288
1746230400000,96855.5681343944,23276376191.483967,0.004445053306148861,95036.94811091639,87309.4639785539,1165.627571383568,24170534217.1403,0,96426.94522273027,94256.35946318062,94773.11200643536
1746316800000,95922.86842404422,13797554863.642815,-0.009629799590416765,95219.6341184654,87734.76000689279,1193.6641982671608,23935128806.26252,0,96855.5681343944,94235.75331048167,94644.06637120107
1746403200000,94326.62048529249,14903122945.616686,-0.016640952934134923,95293.53164212403,88083.91376793601,1104.4845781328463,23788966459.77091,1,95922.86842404422,96426.94522273027,93809.33781968223
1746489600000,94758.8237105546,24086456278.203846,0.004581985690131907,95254.70553581117,88456.01170822866,1119.9365869105052,22670772394.29446,1,94326.62048529249,96855.5681343944,95030.60645474444
1746576000000,96854.53198815876,23348052607.071873,0.022116233565811383,95625.87303937948,89077.44665510063,1163.610783951023,22308689942.97916,1,94758.8237105546,95922.86842404422,94256.35946318062
1746662400000,97026.49376966801,64376174032.08048,0.0017754644824494736,96024.55024783468,89672.35337183697,1083.2544555500476,27713614760.509785,1,96854.53198815876,94326.62048529249,94235.75331048167
1746748800000,103076.27555512934,50020047720.65604,0.0623518541216479,96974.45458103456,90563.92621179717,2895.091296514077,30543969234.107952,0,97026.49376966801,94758.8237105546,96426.94522273027
1746835200000,102962.54045692299,40800894903.23446,-0.0011034071380034982,97846.87919853862,91241.93855051248,3669.797614041292,33047471907.215168,1,103076.27555512934,96854.53198815876,96855.5681343944
1746921600000,104630.8792994166,21558992540.042442,0.016203357406392005,99090.88075216326,92076.42261640944,4326.132761457532,34156248718.1294,0,102962.54045692299,97026.49376966801,95922.86842404422
1747008000000,103994.061616746,27389436049.454792,-0.006086326397470643,100471.94377094232,92761.58173095308,4088.2801862150086,35940007732.96342,0,104630.8792994166,103076.27555512934,94326.62048529249
1747094400000,102876.8304286011,43090605819.36596,-0.010743221014506421,101631.65901637754,93347.30616910888,3266.327503081135,38654886238.84371,1,103994.061616746,102962.54045692299,94758.8237105546
1747180800000,104184.49039270742,33861432519.50822,0.01271092780228944,102678.79593131306,94033.42851218094,2583.0830257077237,40156797654.90605,0,102876.8304286011,104630.8792994166,96854.53198815876
1747267200000,103594.42575090709,28398245846.798244,-0.005663651466510711,103617.07192863293,94669.12762082805,678.3844554236008,35017093628.43716,1,104184.49039270742,103994.061616746,97026.49376966801
1747353600000,103708.85136423641,31823340473.339912,0.0011045537682159434,103707.43990136252,95337.53958334989,635.0893598411293,32417564021.677715,0,103594.42575090709,102876.8304286011,103076.27555512934
1747440000000,103556.03493982446,25887953182.14765,-0.0014735138071797493,103792.2248274913,95985.881433955,553.4377206849696,30287143775.80817,0,103708.85136423641,104184.49039270742,102962.54045692299
1747526400000,103212.36483885496,18950056010.479057,-0.00331868732874141,103589.57990455392,96595.2633093832,444.0723277531975,29914438557.299114,1,103556.03493982446,103594.42575090709,104630.8792994166
1747612800000,106030.6376831359,30744060179.802963,0.027305573791290394,103880.51934260961,97315.15955974926,1031.6522928633542,30393670575.92028,0,103212.36483885496,103708.85136423641,103994.061616746
1747699200000,105629.41580436694,43339734153.75087,-0.003784018351072893,104273.7458248619,97998.58467179419,1107.1507465602385,30429260337.97527,1,106030.6376831359,103556.03493982446,102876.8304286011
1747785600000,106786.71995834043,36393687094.25122,0.010956267675633846,104645.4929056666,98722.36982211952,1454.5559386750176,30791010991.509983,1,105629.41580436694,103212.36483885496,104184.49039270742
1747872000000,109665.86371625263,60722883113.84,0.026961627429285207,105512.84118643023,99462.83037963852,2292.296065206695,35408816315.37309,1,106786.71995834043,106030.6376831359,103594.42575090709
1747958400000,111560.356938144,52218408239.45193,0.01727514066540481,106634.48483984561,100062.30341471864,3056.1196419449475,38322397424.817665,0,109665.86371625263,105629.41580436694,103708.85136423641
1748044800000,107216.66856870624,49251745837.96465,-0.0389357697362529,107157.43250111445,100516.01062338446,2738.2162048650725,41660082089.93438,1,111560.356938144,106786.71995834043,103556.03493982446
1748131200000,107831.36374380375,27128230116.517162,0.005733205324353063,107817.2894875357,100981.29560722216,2114.620283875987,42828392676.511246,1,107216.66856870624,109665.86371625263,103212.36483885496
1748217600000,108861.81037744327,29652659665.048733,0.009556093866045723,108221.74272957961,101450.91888625573,1982.5713906510339,42672478317.26064,1,107831.36374380375,111560.356938144,106030.6376831359
1748304000000,109377.71513263129,27950577137.918888,0.004739079328180296,108757.2140621888,101942.04051163675,1642.7894157640483,40474027314.99894,0,108861.81037744327,107216.66856870624,105629.41580436694
1748390400000,109068.45694901445,38978783508.88622,-0.00282743320466905,109083.17648942795,102450.67781594784,1394.2026981262475,40843326802.80394,0,109377.71513263129,107831.36374380375,106786.71995834043
1748476800000,107838.18431100152,29794278037.284946,-0.011279820696354359,108822.07943153495,102877.59707782307,1437.3636970353502,36424954649.01036,0,109068.45694901445,108861.81037744327,109665.86371625263
1748563200000,105745.41660358038,38279231892.56757,-0.019406555486743637,107991.3736694544,103260.56564916972,1260.5073315250806,34433643742.31259,0,107838.18431100152,109377.71513263129,111560.356938144
1748649600000,104010.91956242644,39680060337.610214,-0.016402574190579222,107533.40952570015,103586.40452423455,1970.9981060049129,33066260099.40482,1,105745.41660358038,109068.45694901445,107216.66856870624
1748736000000,104687.50742934884,20432694555.09522,0.006504969572125763,107084.28719506375,103861.7565977885,2232.6145791443346,32109755019.201683,1,104010.91956242644,107838.18431100152,107831.36374380375
1748822400000,105710.00593822816,17721500507.53389,0.00976714924241917,106634.029418033,104156.90452458295,2129.8412696178248,30405303710.98527,1,104687.50742934884,105745.41660358038,108861.81037744327
1748908800000,105884.74263221149,26313843058.73954,0.0016529815927306402,106135.03334654447,104488.96699818854,1756.3210998178834,30171484556.816795,0,105710.00593822816,104010.91956242644,109377.71513263129
1748995200000,105434.47745144971,25925661121.080395,-0.004252408511071004,105615.89341832093,104859.22889706044,1190.7451105005512,28306752787.130253,0,105884.74263221149,104687.50742934884,109068.45694901445
1749081600000,104812.9182188067,25812143562.797962,-0.00589521803177917,105183.71254800739,105194.36538066885,695.9374655545711,27737876433.632107,0,105434.47745144971,105710.00593822816,107838.18431100152
1749168000000,101650.7387545425,39711941132.0234,-0.030169749282839997,104598.7585695734,105354.2389395483,1453.56848347081,27942549182.125797,1,104812.9182188067,105884.74263221149,105745.41660358038
1749254400000,104409.74967959142,29897390978.090103,0.0271420646701952,104655.73430059697,105600.34746987908,1434.376405825121,26545024987.908638,1,101650.7387545425,105434.47745144971,104010.91956242644
1749340800000,105681.4546141758,17749731308.73042,0.012179944291476064,104797.72675557225,105687.1867718473,1486.3026649270157,26161744524.14224,1,104409.74967959142,104812.9182188067,104687.50742934884
1749427200000,105692.24740699006,16044679696.270103,0.00010212570269452215,104795.18982253826,105778.17700351619,1484.5000565350824,25922198693.9617,1,105681.4546141758,101650.7387545425,105710.00593822816
1749513600000,110261.57485948496,38222993297.50514,0.04323238046873712,105420.4515692916,105965.86685551847,2555.3870153896564,27623505870.928215,0,105692.24740699006,104409.74967959142,105884.74263221149
1749600000000,110212.73252109604,36303839182.734825,-0.00044296790111297835,106103.05943638392,106173.15588566348,3132.733159310865,29106102736.878845,0,110261.57485948496,105681.4546141758,105434.47745144971
1749686400000,108679.9760916168,30338936631.626648,-0.013907253675847775,106655.49627535678,106366.59407443067,3207.3829452275504,29752787460.99723,0,110212.73252109604,105692.24740699006,104812.9182188067
1749772800000,105979.22902375912,35865159511.38857,-0.02485045695612742,107273.85202810203,106426.41869546572,2396.4218061790734,29203247229.477966,1,108679.9760916168,110261.57485948496,101650.7387545425
1749859200000,106045.56440819203,49471015505.74361,0.0006259281657732263,107507.53984647356,106508.12331737523,2136.2101596861057,31999479304.857044,0,105979.22902375912,110212.73252109604,104409.74967959142
1749945600000,105482.90611628917,17916412455.866283,-0.005305816372828787,107479.1757753469,106567.25847577698,2165.613304206804,32023290897.30502,1,106045.56440819203,108679.9760916168,105681.4546141758
1750032000000,105554.49383061715,16568441852.649668,0.0006786664964373301,107459.49669300788,106633.87377213674,2185.095826689812,32098114062.5021,1,105482.90611628917,105979.22902375912,105692.24740699006
1750118400000,106951.2720181497,32095957011.724205,0.013232768561933117,106986.59628710286,106758.50401144657,1802.2702970908115,31222823164.533394,0,105554.49383061715,106045.56440819203,110261.57485948496
1750204800000,104683.42479835715,38603212010.889435,-0.021204490390798636,106196.69518385445,106713.59691528726,1292.162720567802,31551304997.12691,1,106951.2720181497,105482.90611628917,110212.73252109604
1750291200000,104722.695052907,30339326410.154945,0.0003751334523636185,105631.36932118163,106683.37289023862,794.4543180363854,31551360679.77381,0,104683.42479835715,105554.49383061715,108679.9760916168
1750377600000,104690.65002458123,18063282658.152298,-0.00030599888887106186,105447.28660701335,106613.50389244664,847.9079434516173,29008235415.025776,0,104722.695052907,106951.2720181497,105979.22902375912
1750464000000,103290.105144757,30632751225.407444,-0.013377936611296048,105053.64956937976,106400.9786067301,1119.8610029337601,26317054803.549175,0,104690.65002458123,104683.42479835715,106045.56440819203
1750550400000,101532.5683847329,21644463198.719532,-0.017015538492878735,104489.31560772887,106066.71898828309,1708.262947131406,26849633481.099644,0,103290.105144757,104722.695052907,105482.90611628917
1750636800000,100852.58264648831,51287142390.02526,-0.006697217937676414,103817.61400999619,105854.58279087581,2099.2821991232404,31809447843.58187,1,101532.5683847329,104690.65002458123,105554.49383061715
1750723200000,105511.62437933135,50011797128.6837,0.04619655352975993,103611.95006159357,105777.2581453934,1788.6535676767612,34368853574.57608,1,100852.58264648831,103290.105144757,106951.2720181497
1750809600000,105976.06929808448,31704641076.941063,0.0044018364941798005,103796.61356155461,105681.06677608144,1974.7568165167213,33383343441.154884,1,105511.62437933135,101532.5683847329,104683.42479835715
1750896000000,107238.53045016268,30468274982.034847,0.011912700295830136,104156.01861830543,105609.76061999916,2362.3063547449096,33401764665.70916,0,105976.06929808448,100852.58264648831,104722.695052907
1750982400000,106984.01253775663,24320699663.15122,-0.0023733812029841372,104483.64183447334,105540.27913962389,2596.257176124896,34295681380.709007,1,107238.53045016268,105511.62437933135,104690.65002458123
1751068800000,107078.91560644074,25194306261.888832,0.0008870771102422736,105024.90047185672,105514.97018280519,2698.8731500834456,33518760671.63492,1,106984.01253775663,105976.06929808448,103290.105144757
1751155200000,107331.58548463577,8960877693.57604,0.002359660412734277,105853.33148612858,105567.84247884038,2310.2606059714144,31706819885.18585,1,107078.91560644074,107238.53045016268,101532.5683847329
1751241600000,108396.61631317894,14881078675.366829,0.009922809056944537,106931.05058137009,105714.03237053214,944.6590232833729,26505953640.234642,0,107331.58548463577,106984.01253775663,100852.58264648831
1751328000000,107132.79910701896,22489515582.41552,-0.011659194254814764,107162.64697103974,105795.54209312114,707.6672396255361,22574199133.624905,0,108396.61631317894,107078.91560644074,105511.62437933135
1751414400000,105613.39974163055,25033160828.30909,-0.014182392115701381,107110.83703440346,105792.32188656788,814.2653180804272,21621130526.67748,1,107132.79910701896,107331.58548463577,105976.06929808448
1751500800000,108824.44423167943,36395184773.06136,0.03040376029844971,107337.3961460487,105890.31193988348,1043.9515354342332,22467831925.39555,1,105613.39974163055,108396.61631317894,107238.53045016268
1751587200000,109602.20483914016,29892049537.628605,0.007146929285528403,107711.42361767494,106029.23618613982,1326.9144311137843,23263739050.320892,0,108824.44423167943,107132.79910701896,106984.01253775663
1751673600000,108040.8919400104,24248906784.57383,-0.014245269074844358,107848.84880818489,106136.83531017994,1300.0317082817817,23128681982.133034,1,109602.20483914016,105613.39974163055,107078.91560644074
1751760000000,108217.46849992426,10042942280.966904,0.0016343493351749228,107975.40352465467,106355.72630169267,1284.3092250085222,23283262637.474586,1,108040.8919400104,108824.44423167943,107331.58548463577
1751846400000,109215.19771840284,14638669497.351297,0.009219668804942183,108092.34372540095,106515.90790298638,1363.8576091631378,23248632754.90094,0,108217.46849992426,109602.20483914016,108396.61631317894
1751932800000,108300.71675785031,25493246475.80407,-0.0083732024448685,108259.18910409114,106603.21664110888,1296.6930536103177,23677737168.24216,1,109215.19771840284,108040.8919400104,107132.79910701896
1752019200000,108953.19187727802,20488865138.27645,0.006024661137622678,108736.3022663265,106711.91479011848,573.942064921961,23028552069.666073,1,108300.71675785031,108217.46849992426,105613.39974163055
1752105600000,111327.53054245669,37078460440.66385,0.021792281843868055,109093.88602500896,106747.44664621753,1139.304533839779,23126162879.32357,1,108953.19187727802,109215.19771840284,108824.44423167943
1752192000000,115879.65030112496,56204086624.04028,0.04088943441471771,109990.66394814964,106936.34390555182,2826.8599545299858,26885025320.239525,1,111327.53054245669,108300.71675785031,109602.20483914016
1752278400000,117571.02510036016,64185145923.88688,0.01459596050592138,111352.11154248532,107232.71220584327,3843.4426985996406,32590202340.141388,0,115879.65030112496,108953.19187727802,108040.8919400104
1752364800000,117418.95745007684,24351256098.393543,-0.0012934109416288253,112666.6099639357,107614.03648672052,4153.665052832412,34634247171.20234,1,117571.02510036016,111327.53054245669,108217.46849992426
1752451200000,119117.55666327637,27310851454.97692,0.014466141158864687,114081.23267034619,108049.76956189,4457.427607290297,36444558879.43456,1,117418.95745007684,115879.65030112496,109215.19771840284
1752537600000,119833.67446712355,68915956378.80447,0.006011857730355619,115728.79805738523,108528.12850691781,4080.1733158472375,42647803151.29176,0,119117.55666327637,117571.02510036016,108300.71675785031
1752624000000,117678.19493404306,80299520980.2335,-0.017987260614893752,116975.22706549452,108932.25187703202,2795.92256369678,51192182557.28564,1,119833.67446712355,117418.95745007684,108953.19187727802
1752710400000,118748.1627367753,50374263848.76278,0.009092319977646923,118035.3173789686,109325.48156765287,1309.1589197042645,53091583044.156906,1,117678.19493404306,119117.55666327637,111327.53054245669
1752796800000,119445.36520434043,49282617205.72662,0.005871269512696342,118544.7052222851,109817.54624785231,983.9025152552554,52102801698.683525,0,118748.1627367753,119833.67446712355,115879.65030112496
1752883200000,117988.94664455787,58896449260.69391,-0.012193177669899469,118604.40830002763,110259.75463424067,925.9453162035546,51347273603.94167,0,119445.36520434043,117678.19493404306,117571.02510036016
1752969600000,117901.62655900871,23934511126.349533,-0.0007400700492072865,118673.36102987504,110700.12051872158,836.6177419409685,51287738607.93539,0,117988.94664455787,118748.1627367753,117418.95745007684
1753056000000,117256.9208222684,36702153882.06748,-0.00546816660258409,118407.55590973105,111165.68104130529,958.6450546223339,52629353240.3769,1,117901.62655900871,119445.36520434043,119117.55666327637
1753142400000,117482.46977767294,46344384345.39471,0.0019235449287162698,118071.66952552382,111697.34442106997,768.7906753279889,49404842949.889786,1,117256.9208222684,117988.94664455787,119833.67446712355
1753228800000,119955.79570607653,58939000420.94166,0.021052723296370646,118397.04106438575,112334.11818972291,1016.5527824319684,46353340012.84809,0,117482.46977767294,117901.62655900871,117678.19493404306
1753315200000,118629.05588130427,45225685167.61703,-0.011060239457067356,118380.02579931845,112771.36590645534,1010.675942834959,45617828772.68441,0,119955.79570607653,117256.9208222684,118748.1627367753
1753401600000,118354.43517438594,51940414419.3327,-0.0023149531527343337,118224.1786521821,113183.97810233205,896.705420586019,45997514088.91386,0,118629.05588130427,117482.46977767294,119445.36520434043
1753488000000,117540.80837085741,91617702596.10347,-0.006874493569503426,118160.15889879632,113527.38736635521,931.6164098017953,50671978851.11522,1,118354.43517438594,119955.79570607653,117988.94664455787
1753574400000,117959.54234360624,25145925063.881348,0.003562456125260516,118168.43258231026,113893.23835988353,929.1917334167346,50845037985.04834,1,117540.80837085741,118629.05588130427,117901.62655900871
1753660800000,119418.91405141471,30220402191.467663,0.012371798659216893,118477.28875790258,114304.57164138267,935.01238139471,49919073457.8198,0,117959.54234360624,118354.43517438594,117256.9208222684
1753747200000,118003.30201607826,43433742203.62158,-0.011854169388334723,118551.69336338904,114660.29552576409,860.4006073670342,49503267437.56649,0,119418.91405141471,117540.80837085741,117482.46977767294
1753833600000,117853.30892863822,42860287143.68828,-0.0012710922904479727,118251.33810946929,114975.51861294606,622.6930371387749,47206308397.95886,0,118003.30201607826,117959.54234360624,119955.79570607653
1753920000000,117833.24087995925,43054424656.58649,-0.0001702798916839443,118137.65025213429,115332.20000537741,614.8359926073313,46896128324.954506,0,117853.30892863822,119418.91405141471,118629.05588130427
1754006400000,115700.00243915782,45238249453.35885,-0.01810387650268086,117758.44557567313,115668.42009529498,1092.1460248730268,45938676186.95824,0,117833.24087995925,118003.30201607826,118354.43517438594
1754092800000,113234.6051343189,65794680822.25255,-0.02130853286831491,117143.27368473905,115815.42545871629,2038.1940059776646,42249673076.408104,0,115700.00243915782,117853.30892863822,117540.80837085741
1754179200000,112554.90232221723,33543439044.09785,-0.006002606811719935,116371.18225311206,115913.8487081522,2618.504338403834,43449317930.72475,1,113234.6051343189,117833.24087995925,117959.54234360624
1754265600000,114199.10966460757,24689273719.085533,0.014608047348158903,115625.49591213961,116119.12263230543,2333.676755786712,42659156720.384445,1,112554.90232221723,115700.00243915782,119418.91405141471
1754352000000,115138.68613070177,32488023582.82734,0.00822752882096589,115216.26507137154,116349.8298866647,2085.1465148809266,41095482631.69955,0,114199.10966460757,113234.6051343189,118003.30201607826
1754438400000,114128.35408881678,37316213251.97167,-0.00877491376563122,114684.12866568276,116513.6017656785,1748.0647324074312,40303472075.740036,1,115138.68613070177,112554.90232221723,117853.30892863822
1754524800000,115022.09576830892,32052509631.058872,0.007831022243575125,114282.53650687558,116737.64773269376,1110.7626540928234,38731769929.23609,1,114128.35408881678,114199.10966460757,117833.24087995925
1754611200000,117463.47451085235,38289687095.00489,0.02122530220159735,114534.46108854622,117021.32382047958,1584.700654928115,37739118163.75695,0,115022.09576830892,115138.68613070177,115700.00243915782
1754697600000,116688.36663186055,33017415812.97353,-0.006598714044681042,115027.85558819503,117200.01835679305,1648.9023448025412,33056651733.859955,0,117463.47451085235,114128.35408881678,113234.6051343189
1754784000000,116510.08393213755,27638785406.21056,-0.0015278532459491734,115592.88153246937,117221.03281116014,1301.281191757231,32213129785.590336,1,116688.36663186055,115022.09576830892,112554.90232221723
1754870400000,119266.92516880555,37157754754.85189,0.02366182517106208,116316.85517592622,117277.56281344165,1734.3119772811465,33994341362.12839,0,116510.08393213755,117463.47451085235,114199.10966460757
1754956800000,118773.79960860992,61739781527.95854,-0.004134637993707724,116836.15710134165,117322.72421872609,1862.2477648097783,38173163925.71856,1,119266.92516880555,116688.36663186055,115138.68613070177
1755043200000,120202.53485503166,46941089789.57991,0.012029043872721079,117703.89721080092,117358.89015845125,1804.498645431444,39548146288.234024,1,118773.79960860992,116510.08393213755,114128.35408881678
1755129600000,123560.99363577305,61818118105.53991,0.027939999641370283,118923.73976329579,117483.13413073958,2457.4614528177854,43800376070.30274,0,120202.53485503166,119266.92516880555,115022.09576830892
1755216000000,118405.59579823953,73822008367.99681,-0.041723505823612395,119058.32851863684,117507.38082621279,2389.00259460207,48876421966.44444,0,123560.99363577305,118773.79960860992,117463.47451085235
1755302400000,117339.79190213277,44268714220.021,-0.009001296677927928,119151.38927153285,117460.4351317247,2292.0161071815696,50483750310.30837,1,118405.59579823953,120202.53485503166,116688.36663186055
1755388800000,117501.21653394958,23202714236.542347,0.0013757023870593077,119292.97964322029,117395.63017604502,2126.274846922874,49850025857.49862,1,117339.79190213277,123560.99363577305,116510.08393213755
1755475200000,117542.83687778088,20906566026.645443,0.0003542120248538616,119046.68131593105,117380.75985048577,2227.2535086044854,47528427467.75484,0,117501.21653394958,118405.59579823953,119266.92516880555
1755561600000,116256.41276740946,47337926940.98573,-0.010944300346511282,118687.054624331,117325.9193907658,2468.797406128669,45471019669.61588,0,117542.83687778088,117339.79190213277,118773.79960860992
1755648000000,112778.34483555844,46156885037.403885,-0.029917213588978364,117626.45605012054,117176.63352454215,3196.661004965895,45358990419.30501,1,116256.41276740946,117501.21653394958,120202.53485503166
1755734400000,114252.39755195397,42166369117.006935,0.01307035245591548,116296.65660957494,117068.9644503515,2045.271702122485,42551597706.65745,0,112778.34483555844,117542.83687778088,123560.99363577305
1755820800000,112414.39987336512,32048202090.65466,-0.016087169442138394,115440.77147745003,116817.58458926113,2258.1458235180585,36583911095.60857,1,114252.39755195397,116256.41276740946,118405.59579823953
1755907200000,116834.24948202295,50878158870.82928,0.03931746834601957,115368.55113172007,116757.75770928508,2194.475157037826,37528117474.29546,0,112414.39987336512,112778.34483555844,117339.79190213277
1755993600000,115359.98346714744,27306719885.257973,-0.012618440409482456,115062.66069360546,116657.94265237713,1987.0898425938174,38114403995.54055,0,116834.24948202295,114252.39755195397,117501.21653394958
1756080000000,113399.54847314971,40682656776.69001,-0.016994064450052804,114470.76235008672,116519.90065578689,1724.984012732398,40939559816.97549,0,115359.98346714744,112414.39987336512,117542.83687778088
1756166400000,110185.35443900425,52854872363.936554,-0.02834397559269386,113603.46830317168,116260.7610589668,2151.1314801703134,41727694877.39704,1,113399.54847314971,116834.24948202295,116256.41276740946
1756252800000,111842.70999260596,43023800053.0546,0.01504152309569573,113469.8061827499,116008.22092367317,2238.2501358668965,41280111308.204285,0,110185.35443900425,115359.98346714744,112778.34483555844
1756339200000,111216.08479629169,36957904262.995804,-0.005602736167209299,113036.04721765532,115781.9803496803,2352.600156644993,40536044900.4884,1,111842.70999260596,113399.54847314971,114252.39755195397
1756425600000,112525.59740669793,34222495087.206894,0.011774489389774878,113051.93257955999,115604.38996561563,2348.0741100619657,40846658185.71015,0,111216.08479629169,110185.35443900425,112414.39987336512
1756512000000,108480.30666639366,51702115726.38959,-0.03594996012936935,111858.51217732723,115292.6254918301,2225.0389023595285,40964366307.93305,1,112525.59740669793,111842.70999260596,116834.24948202295
1756598400000,108781.95727925687,27799981330.792213,0.002780694691349561,110918.79415048573,115062.02398650006,1858.6817801733284,41034832228.723656,0,108480.30666639366,111216.08479629169,115359.98346714744
1756684800000,108253.36092385623,26140904019.246822,-0.0048592282086233896,110183.62450058665,114895.98251281798,1727.0041081289537,38957438977.66035,1,108781.95727925687,112525.59740669793,113399.54847314971
1756771200000,109162.68557992298,42999610648.39302,0.008399966969213635,110037.52894928934,114782.90862140818,1769.5651562480311,37549544446.868416,1,108253.36092385623,108480.30666639366,110185.35443900425
1756857600000,111190.18209845416,50235464642.845955,0.01857316451826163,109944.31067869623,114682.61103586972,1673.1840013661615,38579782245.41004,1,109162.68557992298,108781.95727925687,111842.70999260596
1756944000000,111711.51977725117,36406080683.42747,0.004688702446187243,110015.08710454757,114568.37215742137,1744.8888068299002,38500950305.4717,0,111190.18209845416,108253.36092385623,111216.08479629169
1757030400000,110724.736377486,38708366685.43147,-0.008833318190754058,109757.82124323158,114454.91823371034,1414.5353618055562,39141789105.21807,0,111711.51977725117,109162.68557992298,112525.59740669793
1757116800000,110662.18112628513,56020470627.40665,-0.0005649618436445181,110069.51759464465,114309.58774564289,1323.5811733351607,39758696948.22051,0,110724.736377486,111190.18209845416,108480.30666639366
1757203200000,110209.1888247784,19340758702.076332,-0.00409346984576231,110273.40781543343,114067.77822277375,1195.9585183912793,38550236572.68967,1,110662.18112628513,111711.51977725117,108781.95727925687
1757289600000,111131.9923868407,22147049159.335133,0.008373199838440648,110684.64088157409,113882.56574793975,822.0594306933755,37979685878.41657,1,110209.1888247784,110724.736377486,108253.36092385623
1757376000000,112025.12878118771,37159847899.8603,0.008036717196953314,111093.5613388976,113733.06724290809,627.7922336004272,37145434057.19761,0,111131.9923868407,110662.18112628513,109162.68557992298
1757462400000,111547.43956434788,45338021458.38368,-0.004264125576439848,111144.59811973956,113475.75105609283,651.0472503056984,36445799316.56014,1,112025.12878118771,110209.1888247784,111190.18209845416
1757548800000,113975.32489468766,52205187155.05567,0.021765495826905124,111467.99885080193,113315.80189896209,1258.482738027159,38702814526.79274,1,111547.43956434788,111131.9923868407,111711.51977725117
1757635200000,115503.16663193036,43752917632.95067,0.013405021996247157,112150.63174429396,113159.15629152539,1913.5873404920837,39423464662.15263,1,113975.32489468766,112025.12878118771,110724.736377486
1757721600000,116160.14344594491,51192951485.864395,0.005687954998741418,112936.0549328168,112912.46128519779,2291.7740874007077,38733819070.50374,0,115503.16663193036,111547.43956434788,110662.18112628513
1757808000000,115970.58488443034,30063858747.76022,-0.0016318726534870764,113759.11151276708,112831.29425473747,2181.130789505083,40265690505.60143,0,116160.14344594491,113975.32489468766,110209.1888247784
1757894400000,115373.55555886829,26889399414.610912,-0.005148109981138904,114365.04910877103,112765.75304329532,1900.8130370093481,40943169113.49798,1,115970.58488443034,115503.16663193036,111131.9923868407
1757980800000,115397.25272727509,46947581231.08198,0.00020539514702488937,114846.78110106921,112695.62091640617,1614.7393181655289,42341416732.243935,1,115373.55555886829,116160.14344594491,112025.12878118771
1758067200000,116762.8496864193,39964451595.099724,0.011833877556614025,115591.83968993658,112669.62134336078,870.2659110575827,41573763894.63194,0,115397.25272727509,115970.58488443034,111547.43956434788
1758153600000,116455.94648225319,54740952295.37868,-0.002628431945523202,115946.21420244592,112676.27246718892,547.5198527829053,41936016057.53522,1,116762.8496864193,115373.55555886829,113975.32489468766
1758240000000,117145.49508952006,43642467075.25838,0.005921111184923111,116180.83255353018,112821.84414232097,665.248203912333,41920237406.436325,0,116455.94648225319,115397.25272727509,115503.16663193036
1758326400000,115655.81046441344,34296721252.33001,-0.012716533606078717,116108.78498473995,112868.62457273628,694.5280443772966,39506490230.21712,1,117145.49508952006,116762.8496864193,116160.14344594491
1758412800000,115715.51536781774,18774953731.290394,0.0005162291731350965,116072.34648236675,112978.6617558847,709.5165724211412,37893789513.578575,0,115655.81046441344,116455.94648225319,115970.58488443034
1758499200000,115304.47999407038,18659113982.495464,-0.0035521198038208635,116062.47854453846,112927.66943961963,721.2386515510848,36718034451.8478,0,115715.51536781774,117145.49508952006,115373.55555886829
1758585600000,112696.74101711863,69152342029.46799,-0.022616111508294012,115676.69115737325,112838.89469128534,1469.9745753927,39890143137.33152,0,115304.47999407038,115655.81046441344,115397.25272727509
1758672000000,112022.16587861195,46154878824.043465,-0.005985755510039215,114999.45061340077,112792.98193813405,1911.813401629069,40774489884.32348,1,112696.74101711863,115715.51536781774,116762.8496864193
1758758400000,113320.56908541008,46677543220.334526,0.011590591885226376,114551.5395567089,112897.48909301427,1880.7390241599096,39622574302.17432,0,112022.16587861195,115304.47999407038,116455.94648225319
1758844800000,108963.53013595635,74481796351.47305,-0.038448791641434665,113382.68742048551,112801.51643112594,2454.818812992402,44028192770.20498,1,113320.56908541008,112696.74101711863,117145.49508952006
1758931200000,109710.20874667744,55257214020.568245,0.0068525552521054856,112533.31574652324,112751.32056280547,2563.422126141852,47022548879.9533,0,108963.53013595635,112022.16587861195,115655.81046441344
1759017600000,109654.81021075726,23294896964.31016,-0.0005049533361849434,111667.500724086,112655.6276562741,2321.592416815271,47668255056.09898,1,109710.20874667744,113320.56908541008,115715.51536781774
1759104000000,112142.57362752674,31274654338.51212,0.022687225594463012,111215.79981457978,112777.7032216452,1727.6471558467242,49470475106.9585,1,109654.81021075726,108963.53013595635,115304.47999407038
1759190400000,114309.15041119447,57833295882.65785,0.019319841819074535,111446.14401373347,112961.94299270981,2037.6788301171032,47853468514.55706,0,112142.57362752674,109710.20874667744,112696.74101711863
1759276800000,114024.22783550054,57718901820.70616,-0.002492561397482218,111732.15286471756,113154.30522309795,2260.343545112653,49505471799.79458,1,114309.15041119447,109654.81021075726,112022.16587861195
1759363200000,118503.24451752483,69920179085.4708,0.03928127177047003,112472.53506930538,113465.65718768467,3419.1220381373514,52825848351.95691,1,114024.22783550054,112142.57362752674,113320.56908541008
1759449600000,120611.71911591051,71252850672.75252,0.01779254742745784,114136.56206644168,113779.70842159989,4177.173555206769,52364570397.85398,1,118503.24451752483,114309.15041119447,108963.53013595635
1759536000000,122250.15186842803,83155430408.51796,0.013584357842897132,115927.98251240606,114130.99615797243,4627.203956420592,56350029881.84679,1,120611.71911591051,114024.22783550054,109710.20874667744
1759622400000,122380.93708463266,35161626561.80918,0.0010698163904563351,117746.0006372454,114519.536181544,4235.124976416903,58045276967.2038,1,122250.15186842803,118503.24451752483,109654.81021075726
1759708800000,123506.18520027678,72011486031.26575,0.009194635557218778,119369.37371906683,114947.66965067707,3893.405797042924,63864824351.88288,1,122380.93708463266,120611.71911591051,112142.57362752674
1759795200000,124773.50823074432,69605991064.72382,0.010261211034997553,120864.28197900252,115433.14696420926,3626.4584918366586,65546637949.32088,0,123506.18520027678,122250.15186842803,114309.15041119447
1759881600000,121518.75593575071,76087884719.80028,-0.026085283175452445,121934.92885046684,115779.37241583959,2021.765299949265,68170778363.47718,1,124773.50823074432,122380.93708463266,114024.22783550054
1759968000000,123352.50487523204,62576032795.36722,0.015090254383865354,122627.68033013928,116156.95161897439,1378.3408930899702,67121614607.7481,0,121518.75593575071,123506.18520027678,118503.24451752483
1760054400000,121698.03066778315,72097306668.91356,-0.013412570819882008,122782.86769469254,116495.30465575558,1156.900223010435,67242251178.62824,0,123352.50487523204,124773.50823074432,120611.71911591051
1760140800000,113201.74064138904,151002213089.8765,-0.06981452353643813,121490.23751940126,116469.51851397895,3826.409736412756,76934648704.5366,0,121698.03066778315,121518.75593575071,122250.15186842803
1760227200000,110853.11663883903,108643865752.17674,-0.02074724283604612,119843.40602714501,116314.51684754257,5495.74207895633,87432111446.01768,1,113201.74064138904,123352.50487523204,122380.93708463266
1760313600000,115189.5714637257,93857100744.12454,0.03911892562312791,118655.31835049485,116282.16444813527,5470.83851847168,90552913547.85464,1,110853.11663883903,121698.03066778315,123506.18520027678
1760400000000,115222.28302116522,68935270367.04033,0.000283980199108802,117290.85760626929,116257.22105269312,4845.98900939514,90457096305.32846,0,115189.5714637257,113201.74064138904,124773.50823074432
1760486400000,113156.56943826913,91211854988.91518,-0.01792807370876892,116096.25953520047,116183.3215153398,4657.063083584196,92617663486.63058,0,115222.28302116522,110853.11663883903,121518.75593575071
1760572800000,110708.66960879423,68877328886.40259,-0.02163285650693325,114289.99735428079,116027.03541139043,3734.1747571972787,93517848642.49278,0,113156.56943826913,115189.5714637257,123352.50487523204
1760659200000,108076.72862033188,84773160808.27399,-0.023773576159506815,112344.09706178773,115737.49804252085,2610.3774264708554,95328684948.11569,0,110708.66960879423,115222.28302116522,121698.03066778315
1760745600000,106443.61194984635,94325236794.78163,-0.015110715242155237,111378.65010585307,115403.75355810729,3377.3751920023674,87231974048.81642,1,108076.72862033188,113156.56943826913,113201.74064138904
1760832000000,107156.00337647724,34412835719.61292,0.0066926649103804525,110850.49106837282,115070.77050100587,3742.589908057669,76627541187.02159,1,106443.61194984635,110708.66960879423,110853.11663883903
1760918400000,108621.134857428,45373692612.394394,0.013672882851026413,109912.14298175888,114836.28131410635,3266.517152252259,69701340025.34586,1,107156.00337647724,108076.72862033188,115189.5714637257
1761004800000,110608.5714932665,60452111148.140076,0.01829696070149822,109253.04133491618,114666.04985162131,2354.6877501128406,68489460136.93153,0,108621.134857428,106443.61194984635,115222.28302116522
1761091200000,108486.10262716639,105841401713.00197,-0.019189008929830775,108585.83179047293,114438.77060605782,1607.3689525429884,70579395383.22964,0,110608.5714932665,107156.00337647724,113156.56943826913
1761177600000,107618.4266715404,83996418125.93103,-0.007998037855668327,108144.36851372241,114269.49346120522,1327.090375332547,72739265274.59085,1,108486.10262716639,108621.134857428,110708.66960879423
1761264000000,110048.51827291629,56192643013.57058,0.02258062746812617,108426.05274980587,114203.70520768204,1507.359848325113,68656334161.06179,1,107618.4266715404,110608.5714932665,108076.72862033188
1761350400000,110997.80437129698,49120903424.344864,0.008626068876515847,109076.65166715598,114126.27971721161,1491.8492156020125,62198572250.9994,1,110048.51827291629,108486.10262716639,106443.61194984635
1761436800000,111620.3093731354,23214874411.212166,0.005608264103640126,109714.40966667856,114214.83902511759,1488.1667861034964,60598863492.65643,1,110997.80437129698,107618.4266715404,107156.00337647724
1761523200000,114476.01227508577,42483268634.18711,0.025584079796840964,110550.82072634397,114373.69914273119,2231.1569370434777,60185945781.48396,0,111620.3093731354,110048.51827291629,108621.134857428
1761609600000,114182.79442806762,63764801510.65889,-0.0025613911699994274,111061.42400274411,114524.63194997488,2621.426314818617,60659187261.8438,0,114476.01227508577,110997.80437129698,110608.5714932665
1761696000000,112950.34863259472,66299512352.17796,-0.010793620892237898,111699.17343209103,114551.55778347714,2426.2433675493457,55010345924.58323,0,114182.79442806762,111620.3093731354,108486.10262716639
1761782400000,110046.66925837283,64235327509.05742,-0.025707573366302583,112046.06523020993,114409.47507838307,1850.9402905307008,52187332979.31556,0,112950.34863259472,114476.01227508577,107618.4266715404
1761868800000,108240.76528725718,72648897659.94229,-0.01641034647650863,111787.81480368723,114216.69299344163,2257.5481015291957,54538226500.225815,1,110046.66925837283,114182.79442806762,110048.51827291629
1761955200000,109573.90555629115,58800487940.5146,0.012316434251882669,111584.4006872578,113919.0483614005,2400.2353057353116,55921024288.25006,1,108240.76528725718,112950.34863259472,110997.80437129698
1762041600000,110014.13556776087,24938475577.849922,0.004017653740046256,111354.94728649002,113565.79557646219,2471.9317077712676,56167253026.34117,1,109573.90555629115,110046.66925837283,111620.3093731354
1762128000000,110650.2092823146,35098774843.7742,0.005781745330007526,110808.4040018084,113179.13082359174,2054.560791044622,55112325341.99646,0,110014.13556776087,108240.76528725718,114476.01227508577
1762214400000,106521.08673825761,75068433317.86293,-0.03731689773420921,109713.87433183557,112650.46914537923,1997.3287346246195,56727129885.88276,0,110650.2092823146,109573.90555629115,114182.79442806762
1762300800000,101635.2740227234,108965721650.60309,-0.04586709416079815,108097.43510185395,111921.43877279412,3173.71546220651,62822302642.80062,1,106521.08673825761,110014.13556776087,112950.34863259472
1762387200000,103877.95965955159,77083907216.62631,0.022066016532082955,107216.19087345092,111224.9204870877,3391.242114891679,64657814029.59618,0,101635.2740227234,110650.2092823146,110046.66925837283
1762473600000,101322.6402945857,64118217249.57436,-0.024599244857529623,106227.88730306926,110551.7166323822,3996.876208501316,63439145399.543625,1,103877.95965955159,106521.08673825761,108240.76528725718
1762560000000,103396.084215925,93627003785.31018,0.020463777052305065,105345.34139730268,109886.5026104053,3812.723790141637,68414361948.80013,0,101322.6402945857,101635.2740227234,109573.90555629115
1762646400000,102290.13714655167,51095924202.31797,-0.010696218118509737,104241.91305141566,109239.57282636425,3322.5224204316705,72151140323.72415,1,103396.084215925,103877.95965955159,110014.13556776087
1762732800000,104709.67861656273,59952468437.71812,0.023653712249349867,103393.26581345111,108956.50409220338,1841.4695447331028,75701667980.00185,1,102290.13714655167,101322.6402945857,110650.2092823146
1762819200000,105909.07272321742,67546556819.52642,0.01145447223696272,103305.83523987394,108791.70262834932,1675.2399051218306,74627114194.5252,0,104709.67861656273,103396.084215925,106521.08673825761
1762877461000,103240.00871299172,72661048575.69395,-0.025201467084893014,103535.08305276942,108393.38386999154,1510.2013591818259,69440732326.68105,0,105909.07272321742,102290.13714655167,101635.2740227234
